source_key,source_label,organisation,url,indicator_id
FUENTE.ELIKA_xahu,Análisis del Desperdicio Alimentario en la Cadena Agroalimentaria de Euskadi,ELIKA,https://zerodespilfarro.elika.eus/wp-content/uploads/2023/03/Resumen-Diagnostico-Desperdicio-Euskadi_2022.pdf,12-3-1
FUENTE.BE_bp,Balanza de pagos,Banco de España,https://www.bde.es/webbe/es/estadisticas/otras-clasificaciones/publicaciones/boletin-estadistico/capitulo-17.html,17-13-1
FUENTE.BE_bp,Balanza de pagos,Banco de España,https://www.bde.es/webbe/es/estadisticas/otras-clasificaciones/publicaciones/boletin-estadistico/capitulo-17.html,17-3-2
FUENTE.GE_Territorial_bep,Boletín estadístico del personal al servicio de las administraciones públicas,Ministerio de Política Territorial y Memoria Democrática,https://digital.gob.es/funcion-publica/dgfp/registro-central-personal/boletin.html,16-7-1
FUENTE.GE_Sanidad_cach,Calidad de las Aguas de Consumo Humano,Ministerio de Sanidad,https://www.miteco.gob.es/es/agua/temas/estado-y-calidad-de-las-aguas/aguas-superficiales/programas-seguimiento/control-adiciona-zonas-protegidas-abastecimientos.html,OCECA-6-1-1
FUENTE.Eustat_cca,Censo agrario,Eustat-Instituto Vasco de Estadística,https://es.eustat.eus/estadisticas/tema_260/opt_1/temas.html,5-a-1
FUENTE.Eustat_cempa,Censo de población y viviendas. Actividad,Eustat-Instituto Vasco de Estadística,https://es.eustat.eus/estadisticas/tema_276/opt_1/temas.html,8-5-2
FUENTE.Eustat_cempa,Censo de población y viviendas. Actividad,Eustat-Instituto Vasco de Estadística,https://es.eustat.eus/estadisticas/tema_276/opt_1/temas.html,8-5-E1
FUENTE.Eustat_ceme,Censo de población y viviendas. Educación,Eustat-Instituto Vasco de Estadística,https://es.eustat.eus/estadisticas/tema_271/opt_1/temas.html,4-2-2
FUENTE.Eustat_emh,Censo de población y viviendas. Estructura de la población,Eustat-Instituto Vasco de Estadística,https://es.eustat.eus/estadisticas/tema_268/opt_1/temas.html,1-3-1
FUENTE.Eustat_cemv,Censo de población y viviendas. Viviendas,Eustat-Instituto Vasco de Estadística,https://es.eustat.eus/estadisticas/tema_274/opt_1/temas.html,1-4-1
FUENTE.Eustat_cemv,Censo de población y viviendas. Viviendas,Eustat-Instituto Vasco de Estadística,https://es.eustat.eus/estadisticas/tema_274/opt_1/temas.html,6-2-1
FUENTE.Eustat_cepv,Censos de población y viviendas,Eustat-Instituto Vasco de Estadística,https://es.eustat.eus/estadisticas/tema_25/opt_1/temas.html,17-19-2
FUENTE.GE_Transformacion_cba,Cobertura de banda ancha en España,Ministerio para la Transformación Digital y de la Función Pública,https://avance.digital.gob.es/banda-ancha/Paginas/Index.aspx,9-c-1
FUENTE.GE_Transicion_convagua,Convenios y acuerdos internacionales relacionados con los recursos hídricos y su gestión,Ministerio para la Transición Ecológica y el Reto Demográfico,https://www.miteco.gob.es/eu/agua/temas/convenios-acuerdos-internacionales.html,6-5-2
FUENTE.Eustat_cedu,Cuenta de la Educación,Eustat-Instituto Vasco de Estadística,https://es.eustat.eus/estadisticas/tema_302/opt_0/temas.html,1-a-2
FUENTE.Eustat_cedu,Cuenta de la Educación,Eustat-Instituto Vasco de Estadística,https://es.eustat.eus/estadisticas/tema_302/opt_0/temas.html,OCECA-1-a-2-1
FUENTE.Eustat_cseepros,Cuenta de la Protección Social,Eustat-Instituto Vasco de Estadística,https://es.eustat.eus/estadisticas/tema_94/opt_0/temas.html,1-a-2
FUENTE.Eustat_ccs,Cuenta de la Salud,Eustat-Instituto Vasco de Estadística,https://es.eustat.eus/estadisticas/tema_121/opt_0/temas.html,1-a-2
FUENTE.Eustat_ccs,Cuenta de la Salud,Eustat-Instituto Vasco de Estadística,https://es.eustat.eus/estadisticas/tema_121/opt_0/temas.html,OCECA-1-a-2-2
FUENTE.Eustat_ceap,Cuenta de las Administraciones Públicas,Eustat-Instituto Vasco de Estadística,https://es.eustat.eus/estadisticas/tema_149/opt_1/temas.html,1-a-2
FUENTE.Eustat_ceap,Cuenta de las Administraciones Públicas,Eustat-Instituto Vasco de Estadística,https://es.eustat.eus/estadisticas/tema_149/opt_1/temas.html,OCECA-1-a-2-1
FUENTE.Eustat_ceap,Cuenta de las Administraciones Públicas,Eustat-Instituto Vasco de Estadística,https://es.eustat.eus/estadisticas/tema_149/opt_1/temas.html,OCECA-1-a-2-2
FUENTE.Eustat_ccst,Cuenta satélite del turismo,Eustat-Instituto Vasco de Estadística,https://es.eustat.eus/estadisticas/tema_221/opt_0/temas.html,8-9-1
FUENTE.Eustat_cpib,Cuentas económicas,Eustat-Instituto Vasco de Estadística,https://es.eustat.eus/estadisticas/tema_10/opt_1/temas.html,1-5-2
FUENTE.Eustat_cpib,Cuentas económicas,Eustat-Instituto Vasco de Estadística,https://es.eustat.eus/estadisticas/tema_10/opt_1/temas.html,10-4-1
FUENTE.Eustat_cpib,Cuentas económicas,Eustat-Instituto Vasco de Estadística,https://es.eustat.eus/estadisticas/tema_10/opt_1/temas.html,11-5-2
FUENTE.Eustat_cpib,Cuentas económicas,Eustat-Instituto Vasco de Estadística,https://es.eustat.eus/estadisticas/tema_10/opt_1/temas.html,17-1-1
FUENTE.Eustat_cpib,Cuentas económicas,Eustat-Instituto Vasco de Estadística,https://es.eustat.eus/estadisticas/tema_10/opt_1/temas.html,17-13-1
FUENTE.Eustat_cpib,Cuentas económicas,Eustat-Instituto Vasco de Estadística,https://es.eustat.eus/estadisticas/tema_10/opt_1/temas.html,17-2-1
FUENTE.Eustat_cpib,Cuentas económicas,Eustat-Instituto Vasco de Estadística,https://es.eustat.eus/estadisticas/tema_10/opt_1/temas.html,17-3-1
FUENTE.Eustat_cpib,Cuentas económicas,Eustat-Instituto Vasco de Estadística,https://es.eustat.eus/estadisticas/tema_10/opt_1/temas.html,17-3-2
FUENTE.Eustat_cpib,Cuentas económicas,Eustat-Instituto Vasco de Estadística,https://es.eustat.eus/estadisticas/tema_10/opt_1/temas.html,2-a-1
FUENTE.Eustat_cpib,Cuentas económicas,Eustat-Instituto Vasco de Estadística,https://es.eustat.eus/estadisticas/tema_10/opt_1/temas.html,8-1-1
FUENTE.Eustat_cpib,Cuentas económicas,Eustat-Instituto Vasco de Estadística,https://es.eustat.eus/estadisticas/tema_10/opt_1/temas.html,8-2-1
FUENTE.Eustat_cpib,Cuentas económicas,Eustat-Instituto Vasco de Estadística,https://es.eustat.eus/estadisticas/tema_10/opt_1/temas.html,9-2-1
FUENTE.Eustat_cpib,Cuentas económicas,Eustat-Instituto Vasco de Estadística,https://es.eustat.eus/estadisticas/tema_10/opt_1/temas.html,9-4-E1
FUENTE.Eustat_ceav,Cuentas económicas de las administraciones vascas,Eustat-Instituto Vasco de Estadística,https://es.eustat.eus/estadisticas/tema_190/opt_1/temas.html,17-1-1
FUENTE.Eustat_ceav,Cuentas económicas de las administraciones vascas,Eustat-Instituto Vasco de Estadística,https://es.eustat.eus/estadisticas/tema_190/opt_1/temas.html,17-13-1
FUENTE.Euskadi_Industria_dener,Datos energéticos de la C. A. de Euskadi,"Departamento de Industria, Transición Energética y Sostenibilidad",https://eve.eus/Conoce-la-Energia/La-energia-en-Euskadi/Publicaciones?lang=es-es,12-a-1
FUENTE.Euskadi_Industria_dener,Datos energéticos de la C. A. de Euskadi,"Departamento de Industria, Transición Energética y Sostenibilidad",https://eve.eus/Conoce-la-Energia/La-energia-en-Euskadi/Publicaciones?lang=es-es,7-2-1
FUENTE.Euskadi_Industria_dener,Datos energéticos de la C. A. de Euskadi,"Departamento de Industria, Transición Energética y Sostenibilidad",https://eve.eus/Conoce-la-Energia/La-energia-en-Euskadi/Publicaciones?lang=es-es,7-3-1
FUENTE.Euskadi_Industria_dener,Datos energéticos de la C. A. de Euskadi,"Departamento de Industria, Transición Energética y Sostenibilidad",https://eve.eus/Conoce-la-Energia/La-energia-en-Euskadi/Publicaciones?lang=es-es,7-b-1
FUENTE.Euskadi_Hacienda,Departamento de Hacienda y Finanzas,Departamento de Hacienda y Finanzas,https://www.euskadi.eus/gobierno-vasco/departamento-hacienda-finanzas/inicio/,12-7-1
FUENTE.INE_ees,Encuesta Europea de Salud,Instituto Nacional de Estadística (INE),https://www.ine.es/dyngs/INEbase/es/operacion.htm?c=Estadistica_C&cid=1254736176784&menu=resultados&idp=1254735573175,2-2-E1
FUENTE.INE_ense,Encuesta Nacional de Salud de España,Instituto Nacional de Estadística (INE),https://www.ine.es/dyngs/INEbase/es/operacion.htm?c=Estadistica_C&cid=1254736176783&menu=resultados&idp=1254735573175,2-2-E1
FUENTE.INE_eaes,Encuesta anual de estructura salarial,Instituto Nacional de Estadística (INE),https://www.ine.es/dyngs/INEbase/es/operacion.htm?c=Estadistica_C&cid=1254736177025&menu=ultiDatos&idp=1254735976596,8-5-1
FUENTE.INE_etr,Encuesta de Turismo de Residentes (ETR-Familitur),Instituto Nacional de Estadística (INE),https://www.ine.es/dyngs/INEbase/es/operacion.htm?c=Estadistica_C&cid=1254736176990&idp=1254735576863,OCECA-8-9-1-3AB4AB
FUENTE.INE_etr,Encuesta de Turismo de Residentes (ETR-Familitur),Instituto Nacional de Estadística (INE),https://www.ine.es/dyngs/INEbase/es/operacion.htm?c=Estadistica_C&cid=1254736176990&idp=1254735576863,OCECA-8-9-1-3CD
FUENTE.Eustat_epb,Encuesta de bienestar personal,Eustat-Instituto Vasco de Estadística,https://es.eustat.eus/estadisticas/tema_632/opt_1/temas.html,16-1-4
FUENTE.BE_ecf,Encuesta de competencias financieras,Banco de España,https://www.bde.es/wbe/es/publicaciones/analisis-economico-investigacion/encuesta-de-competencias-financieras/,8-10-2
FUENTE.INE_ecv,Encuesta de condiciones de vida,Instituto Nacional de Estadística (INE),https://www.ine.es/dyngs/INEbase/es/operacion.htm?c=Estadistica_C&cid=1254736176807&menu=ultiDatos&idp=1254735976608,3-8-1
FUENTE.INE_ecv,Encuesta de condiciones de vida,Instituto Nacional de Estadística (INE),https://www.ine.es/dyngs/INEbase/es/operacion.htm?c=Estadistica_C&cid=1254736176807&menu=ultiDatos&idp=1254735976608,OCECA-1-2-1-1A
FUENTE.INE_ecv,Encuesta de condiciones de vida,Instituto Nacional de Estadística (INE),https://www.ine.es/dyngs/INEbase/es/operacion.htm?c=Estadistica_C&cid=1254736176807&menu=ultiDatos&idp=1254735976608,OCECA-1-2-1-2A
FUENTE.INE_ecv,Encuesta de condiciones de vida,Instituto Nacional de Estadística (INE),https://www.ine.es/dyngs/INEbase/es/operacion.htm?c=Estadistica_C&cid=1254736176807&menu=ultiDatos&idp=1254735976608,OCECA-1-2-1-2B
FUENTE.INE_ecv,Encuesta de condiciones de vida,Instituto Nacional de Estadística (INE),https://www.ine.es/dyngs/INEbase/es/operacion.htm?c=Estadistica_C&cid=1254736176807&menu=ultiDatos&idp=1254735976608,OCECA-1-2-2-1A
FUENTE.INE_ecv,Encuesta de condiciones de vida,Instituto Nacional de Estadística (INE),https://www.ine.es/dyngs/INEbase/es/operacion.htm?c=Estadistica_C&cid=1254736176807&menu=ultiDatos&idp=1254735976608,OCECA-10-2-1-1A
FUENTE.INE_eesal,Encuesta de estructura salarial,Instituto Nacional de Estadística (INE),https://www.ine.es/dyngs/INEbase/es/operacion.htm?c=Estadistica_C&cid=1254736177025&menu=ultiDatos&idp=1254735976596,8-5-1
FUENTE.INE_efec,Encuesta de fecundidad,Instituto Nacional de Estadística (INE),https://www.ine.es/dyngs/INEbase/es/operacion.htm?c=Estadistica_C&cid=1254736177006&menu=ultiDatos&idp=1254735573002,3-7-1
FUENTE.Eustat_egf,Encuesta de gasto familiar,Eustat-Instituto Vasco de Estadística,https://es.eustat.eus/estadisticas/tema_237/opt_1/temas.html,10-1-1
FUENTE.Eustat_egf,Encuesta de gasto familiar,Eustat-Instituto Vasco de Estadística,https://es.eustat.eus/estadisticas/tema_237/opt_1/temas.html,3-5-2
FUENTE.Eustat_egf,Encuesta de gasto familiar,Eustat-Instituto Vasco de Estadística,https://es.eustat.eus/estadisticas/tema_237/opt_1/temas.html,3-8-2
FUENTE.INE_egatur,Encuesta de gasto turístico (EGATUR),Instituto Nacional de Estadística (INE),https://www.ine.es/dyngs/INEbase/es/operacion.htm?c=Estadistica_C&cid=1254736177002&menu=ultiDatos&idp=1254735576863,OCECA-8-9-1-3AB4AB
FUENTE.INE_egatur,Encuesta de gasto turístico (EGATUR),Instituto Nacional de Estadística (INE),https://www.ine.es/dyngs/INEbase/es/operacion.htm?c=Estadistica_C&cid=1254736177002&menu=ultiDatos&idp=1254735576863,OCECA-8-9-1-3CD
FUENTE.Eustat_pra,Encuesta de población en relación con la actividad,Eustat-Instituto Vasco de Estadística,https://es.eustat.eus/estadisticas/tema_57/opt_1/temas.html,1-3-1
FUENTE.Eustat_pra,Encuesta de población en relación con la actividad,Eustat-Instituto Vasco de Estadística,https://es.eustat.eus/estadisticas/tema_57/opt_1/temas.html,17-13-1
FUENTE.Eustat_pra,Encuesta de población en relación con la actividad,Eustat-Instituto Vasco de Estadística,https://es.eustat.eus/estadisticas/tema_57/opt_1/temas.html,4-1-2
FUENTE.Eustat_pra,Encuesta de población en relación con la actividad,Eustat-Instituto Vasco de Estadística,https://es.eustat.eus/estadisticas/tema_57/opt_1/temas.html,4-1-E1
FUENTE.Eustat_pra,Encuesta de población en relación con la actividad,Eustat-Instituto Vasco de Estadística,https://es.eustat.eus/estadisticas/tema_57/opt_1/temas.html,4-3-1
FUENTE.Eustat_pra,Encuesta de población en relación con la actividad,Eustat-Instituto Vasco de Estadística,https://es.eustat.eus/estadisticas/tema_57/opt_1/temas.html,4-5-1
FUENTE.Eustat_pra,Encuesta de población en relación con la actividad,Eustat-Instituto Vasco de Estadística,https://es.eustat.eus/estadisticas/tema_57/opt_1/temas.html,5-5-2
FUENTE.Eustat_pra,Encuesta de población en relación con la actividad,Eustat-Instituto Vasco de Estadística,https://es.eustat.eus/estadisticas/tema_57/opt_1/temas.html,8-5-2
FUENTE.Eustat_pra,Encuesta de población en relación con la actividad,Eustat-Instituto Vasco de Estadística,https://es.eustat.eus/estadisticas/tema_57/opt_1/temas.html,8-5-E1
FUENTE.Eustat_pra,Encuesta de población en relación con la actividad,Eustat-Instituto Vasco de Estadística,https://es.eustat.eus/estadisticas/tema_57/opt_1/temas.html,8-6-1
FUENTE.Eustat_pra,Encuesta de población en relación con la actividad,Eustat-Instituto Vasco de Estadística,https://es.eustat.eus/estadisticas/tema_57/opt_1/temas.html,8-9-2
FUENTE.Eustat_pra,Encuesta de población en relación con la actividad,Eustat-Instituto Vasco de Estadística,https://es.eustat.eus/estadisticas/tema_57/opt_1/temas.html,9-2-2
FUENTE.Euskadi_Bienestar_epds,Encuesta de pobreza y desigualdades sociales (EPDS),"Departamento de Bienestar, Juventud y Reto Demográfico",https://www.euskadi.eus/encuesta-de-pobreza-y-desigualdades-sociales-epds/web01-s2enple/es/,1-1-1
FUENTE.Euskadi_Bienestar_epds,Encuesta de pobreza y desigualdades sociales (EPDS),"Departamento de Bienestar, Juventud y Reto Demográfico",https://www.euskadi.eus/encuesta-de-pobreza-y-desigualdades-sociales-epds/web01-s2enple/es/,1-2-1
FUENTE.Euskadi_Bienestar_epds,Encuesta de pobreza y desigualdades sociales (EPDS),"Departamento de Bienestar, Juventud y Reto Demográfico",https://www.euskadi.eus/encuesta-de-pobreza-y-desigualdades-sociales-epds/web01-s2enple/es/,1-2-2
FUENTE.Euskadi_Bienestar_epds,Encuesta de pobreza y desigualdades sociales (EPDS),"Departamento de Bienestar, Juventud y Reto Demográfico",https://www.euskadi.eus/encuesta-de-pobreza-y-desigualdades-sociales-epds/web01-s2enple/es/,10-1-1
FUENTE.Euskadi_Bienestar_epds,Encuesta de pobreza y desigualdades sociales (EPDS),"Departamento de Bienestar, Juventud y Reto Demográfico",https://www.euskadi.eus/encuesta-de-pobreza-y-desigualdades-sociales-epds/web01-s2enple/es/,10-2-1
FUENTE.Euskadi_Bienestar_epds,Encuesta de pobreza y desigualdades sociales (EPDS),"Departamento de Bienestar, Juventud y Reto Demográfico",https://www.euskadi.eus/encuesta-de-pobreza-y-desigualdades-sociales-epds/web01-s2enple/es/,10-4-2
FUENTE.Euskadi_Bienestar_epds,Encuesta de pobreza y desigualdades sociales (EPDS),"Departamento de Bienestar, Juventud y Reto Demográfico",https://www.euskadi.eus/encuesta-de-pobreza-y-desigualdades-sociales-epds/web01-s2enple/es/,11-1-1
FUENTE.Euskadi_Bienestar_epds,Encuesta de pobreza y desigualdades sociales (EPDS),"Departamento de Bienestar, Juventud y Reto Demográfico",https://www.euskadi.eus/encuesta-de-pobreza-y-desigualdades-sociales-epds/web01-s2enple/es/,2-1-2
FUENTE.Euskadi_Bienestar_epds,Encuesta de pobreza y desigualdades sociales (EPDS),"Departamento de Bienestar, Juventud y Reto Demográfico",https://www.euskadi.eus/encuesta-de-pobreza-y-desigualdades-sociales-epds/web01-s2enple/es/,7-1-1
FUENTE.Euskadi_Bienestar_epds,Encuesta de pobreza y desigualdades sociales (EPDS),"Departamento de Bienestar, Juventud y Reto Demográfico",https://www.euskadi.eus/encuesta-de-pobreza-y-desigualdades-sociales-epds/web01-s2enple/es/,OCECA-1-2-1-2B
FUENTE.Eustat_ept,Encuesta de presupuestos de tiempo,Eustat-Instituto Vasco de Estadística,https://es.eustat.eus/estadisticas/tema_77/opt_1/temas.html,5-4-1
FUENTE.Euskadi_Salud_escav,Encuesta de salud,Departamento de Salud,https://www.euskadi.eus/encuesta-salud/inicio/,10-3-1
FUENTE.Euskadi_Salud_escav,Encuesta de salud,Departamento de Salud,https://www.euskadi.eus/encuesta-salud/inicio/,16-b-1
FUENTE.Euskadi_Salud_escav,Encuesta de salud,Departamento de Salud,https://www.euskadi.eus/encuesta-salud/inicio/,2-2-2
FUENTE.Euskadi_Salud_escav,Encuesta de salud,Departamento de Salud,https://www.euskadi.eus/encuesta-salud/inicio/,2-2-E1
FUENTE.Euskadi_Salud_escav,Encuesta de salud,Departamento de Salud,https://www.euskadi.eus/encuesta-salud/inicio/,3-a-1
FUENTE.GE_Agricultura_esyrce,Encuesta de superficies y rendimientos de cultivo (ESYRCE),"Ministerio de Agricultura, Pesca y Alimentación",https://www.mapa.gob.es/es/estadistica/temas/estadisticas-agrarias/agricultura/esyrce/,2-4-E1
FUENTE.Eustat_cindus,Encuesta industrial,Eustat-Instituto Vasco de Estadística,https://es.eustat.eus/estadisticas/tema_112/opt_1/temas.html,9-3-1
FUENTE.Eustat_ceea,Encuesta sobre la estructura de las explotaciones agrarias,Eustat-Instituto Vasco de Estadística,https://es.eustat.eus/estadisticas/tema_92/opt_1/temas.html,5-a-1
FUENTE.INE_eada,Encuesta sobre la participación de la población adulta en las actividades de aprendizaje,Instituto Nacional de Estadística (INE),https://www.ine.es/dyngs/INEbase/es/operacion.htm?c=Estadistica_C&cid=1254736176759&menu=ultiDatos&idp=1254735573113,4-3-1
FUENTE.INE_eada,Encuesta sobre la participación de la población adulta en las actividades de aprendizaje,Instituto Nacional de Estadística (INE),https://www.ine.es/dyngs/INEbase/es/operacion.htm?c=Estadistica_C&cid=1254736176759&menu=ultiDatos&idp=1254735573113,4-5-1
FUENTE.Eustat_cesif,Encuesta sobre la sociedad de la información. Familias,Eustat-Instituto Vasco de Estadística,https://es.eustat.eus/estadisticas/tema_15/opt_1/temas.html,17-8-1
FUENTE.Eustat_cesif,Encuesta sobre la sociedad de la información. Familias,Eustat-Instituto Vasco de Estadística,https://es.eustat.eus/estadisticas/tema_15/opt_1/temas.html,4-4-1
FUENTE.Eustat_cesif,Encuesta sobre la sociedad de la información. Familias,Eustat-Instituto Vasco de Estadística,https://es.eustat.eus/estadisticas/tema_15/opt_1/temas.html,5-b-1
FUENTE.BE_efc,Entidades de crédito y establecimientos financieros de crédito,Banco de España,https://www.bde.es/webbe/es/estadisticas/otras-clasificaciones/publicaciones/boletin-estadistico/capitulo-4.html,8-10-1
FUENTE.CGPD_ejud,Estadística Judicial,Consejo General del Poder Judicial,https://www.poderjudicial.es/cgpj/es/Temas/Estadistica-Judicial/,16-7-1
FUENTE.GE_Exteriores_aod,Estadística de Ayuda Oficial al Desarrollo de España,"Ministerio de Asuntos Exteriores, Unión Europea y Cooperación","https://www.aecid.es/la-aecid/en-cifras#:~:text=La%20Ayuda%20Oficial%20al%20Desarrollo,gestion%C3%B3%20307%20millones%20de%20euros.",17-2-1
FUENTE.GE_Educacion_ens,Estadística de Enseñanzas no Universitarias,"Ministerio de Educación, Formación Profesional y Deportes",https://www.educacionfpydeportes.gob.es/servicios-al-ciudadano/estadisticas/no-universitaria/alumnado/fp.html,4-2-2
FUENTE.GE_Cultura_efgpc,Estadística de Financiación y Gasto Público en Cultura,Ministerio de Cultura,https://www.cultura.gob.es/servicios-al-ciudadano/estadisticas/cultura/mc/culturabase/gasto-publico/resultados-gasto-publico.html,11-4-1
FUENTE.Euskadi_Industria_fm,Estadística de Flujo de Materiales,"Departamento de Industria, Transición Energética y Sostenibilidad",https://www.euskadi.eus/informacion/estadistica-de-flujo-de-materiales-090217/web01-s2ing/es/,12-2-2
FUENTE.Euskadi_Industria_fm,Estadística de Flujo de Materiales,"Departamento de Industria, Transición Energética y Sostenibilidad",https://www.euskadi.eus/informacion/estadistica-de-flujo-de-materiales-090217/web01-s2ing/es/,8-4-2
FUENTE.Euskadi_Industria_ind,Estadística de Indicadores Ambientales,"Departamento de Industria, Transición Energética y Sostenibilidad",https://www.euskadi.eus/informacion/indicadores-ambientales-090207/web01-a2inguru/es/,15-1-E1
FUENTE.Euskadi_Industria_ind,Estadística de Indicadores Ambientales,"Departamento de Industria, Transición Energética y Sostenibilidad",https://www.euskadi.eus/informacion/indicadores-ambientales-090207/web01-a2inguru/es/,15-3-1
FUENTE.Euskadi_Industria_ind,Estadística de Indicadores Ambientales,"Departamento de Industria, Transición Energética y Sostenibilidad",https://www.euskadi.eus/informacion/indicadores-ambientales-090207/web01-a2inguru/es/,15-4-2
FUENTE.GE_Interior_pint,"Estadística de Población Extranjera Solicitante de Protección Internacional, Refugiados, Beneficiarios de Protección Subsidiaria, Desplazados y Apátridas",Ministerio del Interior,https://proteccion-asilo.interior.gob.es/es/datos-e-informacion-estadistica/,10-7-4
FUENTE.Euskadi_Industria_rp,Estadística de Residuos Peligrosos,"Departamento de Industria, Transición Energética y Sostenibilidad",https://www.euskadi.eus/informacion/estadistica-de-residuos-peligrosos-090209/web01-a2inghon/es/,12-4-2
FUENTE.Euskadi_Industria_ru,Estadística de Residuos Urbanos,"Departamento de Industria, Transición Energética y Sostenibilidad",https://www.euskadi.eus/informacion/estadistica-de-residuos-solidos-urbanos-090218/web01-a2inghon/es/,11-6-1
FUENTE.Euskadi_Industria_ru,Estadística de Residuos Urbanos,"Departamento de Industria, Transición Energética y Sostenibilidad",https://www.euskadi.eus/informacion/estadistica-de-residuos-solidos-urbanos-090218/web01-a2inghon/es/,12-5-1
FUENTE.Aena_eta,Estadística de Tráfico Aéreo,AENA. Aeropuertos Españoles y Navegación Aérea,https://www.aena.es/es/estadisticas/informes-anuales.html,9-1-2
FUENTE.GE_Sanidad_evs,Estadística de Vacunaciones Sistemáticas,Ministerio de Sanidad,https://pestadistico.inteligenciadegestion.sanidad.gob.es/publicoSNS/S/sivamin,3-b-1
FUENTE.Euskadi_Economia_atep,Estadística de accidentes de trabajo y de enfermedades profesionales,"Departamento de Economía, Trabajo y Empleo",https://www.euskadi.eus/web01-s2lanju/es/contenidos/informacion/lesiones_laborales_oe_informac/es_def/index.shtml,8-8-1
FUENTE.GE_Inclusion_ebcss,Estadística de bases de cotización de la seguridad social,"Ministerio de Inclusión, Seguridad Social y Migraciones",https://www.seg-social.es/wps/portal/wss/internet/EstadisticasPresupuestosEstudios/Estadisticas/c9bd51e5-79bc-44f2-9618-14d6094eb585?changeLanguage=es,1-3-1
FUENTE.Euskadi_Industria_ecair,Estadística de calidad del aire,"Departamento de Industria, Transición Energética y Sostenibilidad",https://www.euskadi.eus/web01-s2ekono/es/contenidos/informacion/estatistika_ing_090203/es_def/index.shtml,11-6-2
FUENTE.Euskadi_Industria_ecair,Estadística de calidad del aire,"Departamento de Industria, Transición Energética y Sostenibilidad",https://www.euskadi.eus/web01-s2ekono/es/contenidos/informacion/estatistika_ing_090203/es_def/index.shtml,9-4-E1
FUENTE.Euskadi_Industria_ecagua,Estadística de consumo del agua,"Departamento de Industria, Transición Energética y Sostenibilidad",https://www.euskadi.eus/informacion/estadistica-de-consumo-del-agua-090215/web01-s2ing/es/,6-4-2
FUENTE.Eustat_edef,Estadística de defunciones,Eustat-Instituto Vasco de Estadística,https://es.eustat.eus/estadisticas/tema_28/opt_0/tipo_1/temas.html,1-5-1
FUENTE.Eustat_edef,Estadística de defunciones,Eustat-Instituto Vasco de Estadística,https://es.eustat.eus/estadisticas/tema_28/opt_0/tipo_1/temas.html,11-5-1
FUENTE.Eustat_edef,Estadística de defunciones,Eustat-Instituto Vasco de Estadística,https://es.eustat.eus/estadisticas/tema_28/opt_0/tipo_1/temas.html,13-1-1
FUENTE.Eustat_edef,Estadística de defunciones,Eustat-Instituto Vasco de Estadística,https://es.eustat.eus/estadisticas/tema_28/opt_0/tipo_1/temas.html,16-1-2
FUENTE.Eustat_edef,Estadística de defunciones,Eustat-Instituto Vasco de Estadística,https://es.eustat.eus/estadisticas/tema_28/opt_0/tipo_1/temas.html,3-1-1
FUENTE.Eustat_edef,Estadística de defunciones,Eustat-Instituto Vasco de Estadística,https://es.eustat.eus/estadisticas/tema_28/opt_0/tipo_1/temas.html,3-2-1
FUENTE.Eustat_edef,Estadística de defunciones,Eustat-Instituto Vasco de Estadística,https://es.eustat.eus/estadisticas/tema_28/opt_0/tipo_1/temas.html,3-2-2
FUENTE.Eustat_edef,Estadística de defunciones,Eustat-Instituto Vasco de Estadística,https://es.eustat.eus/estadisticas/tema_28/opt_0/tipo_1/temas.html,3-4-1
FUENTE.Eustat_edef,Estadística de defunciones,Eustat-Instituto Vasco de Estadística,https://es.eustat.eus/estadisticas/tema_28/opt_0/tipo_1/temas.html,3-4-2
FUENTE.Eustat_edef,Estadística de defunciones,Eustat-Instituto Vasco de Estadística,https://es.eustat.eus/estadisticas/tema_28/opt_0/tipo_1/temas.html,3-6-1
FUENTE.Eustat_edef,Estadística de defunciones,Eustat-Instituto Vasco de Estadística,https://es.eustat.eus/estadisticas/tema_28/opt_0/tipo_1/temas.html,3-9-3
FUENTE.Euskadi_Hacienda_presup,Estadística de ejecución presupuestaria,Departamento de Hacienda y Finanzas,https://es.eustat.eus/estadisticas/tema_916/opt_0/temas.html,16-6-1
FUENTE.GE_Sanidad_edo,Estadística de enfermedades de declaración obligatoria,Ministerio de Sanidad,https://cne.isciii.es/es/servicios/departamento-enfermedades-transmisibles/enfermedades-a-z,3-3-1
FUENTE.GE_Sanidad_edo,Estadística de enfermedades de declaración obligatoria,Ministerio de Sanidad,https://cne.isciii.es/es/servicios/departamento-enfermedades-transmisibles/enfermedades-a-z,3-3-2
FUENTE.GE_Sanidad_edo,Estadística de enfermedades de declaración obligatoria,Ministerio de Sanidad,https://cne.isciii.es/es/servicios/departamento-enfermedades-transmisibles/enfermedades-a-z,3-3-3
FUENTE.GE_Sanidad_edo,Estadística de enfermedades de declaración obligatoria,Ministerio de Sanidad,https://cne.isciii.es/es/servicios/departamento-enfermedades-transmisibles/enfermedades-a-z,3-3-4
FUENTE.GE_Interior_egpr,Estadística de la Población Reclusa,Ministerio del Interior,https://www.interior.gob.es/opencms/es/archivos-y-documentacion/documentacion-y-publicaciones/anuarios-y-estadisticas/estadisticas-del-ministerio-del-interior/,16-3-2
FUENTE.Euskadi_Industria_cma,Estadística de la calidad de las masas de agua,"Departamento de Industria, Transición Energética y Sostenibilidad",https://www.euskadi.eus/informacion/estadistica-de-calidad-de-las-masas-de-aguas-090214/web01-s2ing/es/,6-3-2
FUENTE.Ekolurra_epe,Estadística de la producción ecológica,Consejo de Agricultura y Alimentación Ecológica de Euskadi,https://www.euskadi.eus/produccion-ecologica/web01-a2estadi/es/,2-4-E1
FUENTE.Eustat_emat,Estadística de matrimonios,Eustat-Instituto Vasco de Estadística,https://es.eustat.eus/estadisticas/tema_50/opt_1/temas.html,5-3-1
FUENTE.Eustat_enac,Estadística de nacimientos,Eustat-Instituto Vasco de Estadística,https://es.eustat.eus/estadisticas/tema_48/opt_1/temas.html,3-1-2
FUENTE.Eustat_enac,Estadística de nacimientos,Eustat-Instituto Vasco de Estadística,https://es.eustat.eus/estadisticas/tema_48/opt_1/temas.html,3-7-2
FUENTE.INE_epsc,Estadística de profesionales sanitarios colegiados,Instituto Nacional de Estadística (INE),https://www.ine.es/dyngs/INEbase/es/operacion.htm?c=Estadistica_C&cid=1254736176781&idp=1254735573175,3-c-1
FUENTE.Consorcio_ere,Estadística de riesgos extraordinarios,Consorcio de Compensación de Seguros,https://www.consorseguros.es/la-entidad/publicaciones,1-5-2
FUENTE.Consorcio_ere,Estadística de riesgos extraordinarios,Consorcio de Compensación de Seguros,https://www.consorseguros.es/la-entidad/publicaciones,11-5-2
FUENTE.GE_Interior_esap,Estadística de seguridad: actuaciones policiales,Ministerio del Interior,https://www.interior.gob.es/opencms/es/archivos-y-documentacion/documentacion-y-publicaciones/anuarios-y-estadisticas/estadisticas-del-ministerio-del-interior/,11-7-2
FUENTE.Euskadi_Seguridad_evcm,Estadística de violencia contra las mujeres,Departamento de Seguridad,https://www.eustat.eus/estadisticas/tema_292/opt_2/tipo_10/ti_violencia-contra-las-mujeres/temas.html,5-2-1
FUENTE.Euskadi_Seguridad_evcm,Estadística de violencia contra las mujeres,Departamento de Seguridad,https://www.eustat.eus/estadisticas/tema_292/opt_2/tipo_10/ti_violencia-contra-las-mujeres/temas.html,5-2-2
FUENTE.INE_eepd,Estadística del Empleo de las Personas con Discapacidad,Instituto Nacional de Estadística (INE),https://www.ine.es/dyngs/INEbase/es/operacion.htm?c=Estadistica_C&cid=1254736055502&menu=resultados&idp=1254735976595,8-5-2
FUENTE.INE_espd,Estadística del Salario de las Personas con Discapacidad,Instituto Nacional de Estadística (INE),https://www.ine.es/dynt3/inebase/es/index.htm?padre=9494,8-5-1
FUENTE.Eustat_ceit,Estadística del sector de alta tecnología,Eustat-Instituto Vasco de Estadística,https://es.eustat.eus/estadisticas/tema_652/opt_1/temas.html,9-b-1
FUENTE.Eustat_cid,Estadística sobre actividades de investigación científica y desarrollo tecnológico-I+D,Eustat-Instituto Vasco de Estadística,https://es.eustat.eus/estadisticas/tema_179/opt_0/temas.html,9-5-1
FUENTE.Eustat_cid,Estadística sobre actividades de investigación científica y desarrollo tecnológico-I+D,Eustat-Instituto Vasco de Estadística,https://es.eustat.eus/estadisticas/tema_179/opt_0/temas.html,9-5-2
FUENTE.GE_Transicion_egfs,Estadística sobre gestión forestal sostenible,Ministerio para la Transición Ecológica y el Reto Demográfico,https://www.miteco.gob.es/es/ministerio/servicios/estadisticas/estadisticas-forestales/estadistica-sobre-gestion-forestal-sostenible.html,15-2-1
FUENTE.GE_Educacion_sinf,Estadística sobre la Tecnología de la información y la comunicación en los centros educativos,"Ministerio de Educación, Formación Profesional y Deportes",https://www.educacionfpydeportes.gob.es/servicios-al-ciudadano/estadisticas/no-universitaria/centros/tic.html,4-a-1
FUENTE.Euskadi_Alimentacion_edgt,Estadística sobre la distribución general de tierras y sobre las producciones agrarias,"Departamento de Alimentación, Desarrollo Rural, Agricultura y Pesca",https://www.euskadi.eus/web01-a1estadi/es/,2-4-E1
FUENTE.BE_eap,Estadísticas de Administraciones Públicas,Banco de España,https://www.bde.es/webbe/es/estadisticas/temas/administraciones-publicas.html,17-13-1
FUENTE.Euskadi_Seguridad_ed,Estadísticas delictivas,Departamento de Seguridad,https://www.ertzaintza.euskadi.eus/lfr/web/ertzaintza/estadisticas-delictivas,16-1-1
FUENTE.Eustat_cepsp,Estadísticas presupuestarias del sector público,Eustat-Instituto Vasco de Estadística,https://es.eustat.eus/estadisticas/tema_151/opt_1/temas.html,1-a-2
FUENTE.Eustat_cepsp,Estadísticas presupuestarias del sector público,Eustat-Instituto Vasco de Estadística,https://es.eustat.eus/estadisticas/tema_151/opt_1/temas.html,16-6-1
FUENTE.Eustat_cepsp,Estadísticas presupuestarias del sector público,Eustat-Instituto Vasco de Estadística,https://es.eustat.eus/estadisticas/tema_151/opt_1/temas.html,17-1-2
FUENTE.Eustat_cepsp,Estadísticas presupuestarias del sector público,Eustat-Instituto Vasco de Estadística,https://es.eustat.eus/estadisticas/tema_151/opt_1/temas.html,OCECA-1-a-2-1
FUENTE.Eustat_cepsp,Estadísticas presupuestarias del sector público,Eustat-Instituto Vasco de Estadística,https://es.eustat.eus/estadisticas/tema_151/opt_1/temas.html,OCECA-1-a-2-2
FUENTE.GE_Transicion_ecocirc,Estrategia Española de Economía Circular y Planes de Acción,Ministerio para la Transición Ecológica y el Reto Demográfico,https://www.miteco.gob.es/es/calidad-y-evaluacion-ambiental/temas/economia-circular/estrategia.html,12-1-1
FUENTE.Geoeuskadi,Geoeuskadi,Geoeuskadi,https://www.geo.euskadi.eus/inicio/,14-5-1
FUENTE.Geoeuskadi,Geoeuskadi,Geoeuskadi,https://www.geo.euskadi.eus/inicio/,15-1-2
FUENTE.Geoeuskadi,Geoeuskadi,Geoeuskadi,https://www.geo.euskadi.eus/inicio/,15-1-E1
FUENTE.Geoeuskadi,Geoeuskadi,Geoeuskadi,https://www.geo.euskadi.eus/inicio/,15-4-1
FUENTE.Geoeuskadi,Geoeuskadi,Geoeuskadi,https://www.geo.euskadi.eus/inicio/,15-4-2
FUENTE.Geoeuskadi,Geoeuskadi,Geoeuskadi,https://www.geo.euskadi.eus/inicio/,9-1-1
FUENTE.Ihobe,IHOBE,IHOBE,https://www.ihobe.eus/es/compraverde,12-7-1
FUENTE.Euskadi_Vivienda_inbentarioa,Inbentarioa. Inventario de Planeamiento,Departamento de Vivienda y Agenda Urbana,https://www.euskadi.eus/web01-s2ing/es/contenidos/informacion/200208_inbentarioa_tablas_esta/es_def/index.shtml,11-a-1
FUENTE.INE_icv,Indicadores de calidad de vida,Instituto Nacional de Estadística (INE),https://www.ine.es/dynt3/ICV/index.html,16-1-E1
FUENTE.Eustat_ida,Indicadores demográficos anuales,Eustat-Instituto Vasco de Estadística,https://es.eustat.eus/estadisticas/tema_169/opt_0/temas.html,3-4-E2
FUENTE.GE_Hacienda_iart,Informes anuales de recaudación tributaria,Ministerio de Hacienda,https://sede.agenciatributaria.gob.es/Sede/datosabiertos/catalogo/hacienda/Informes_anuales_de_Recaudacion_Tributaria.shtml,3-5-2
FUENTE.Euskadi_Alimentacion_invfor,Inventario Forestal,"Departamento de Alimentación, Desarrollo Rural, Agricultura y Pesca",https://www.euskadi.eus/gobierno-vasco/-/informacion/inventarios-forestales/,15-1-1
FUENTE.Euskadi_Industria_ieca,Inventario de Emisiones de contaminantes a la atmósfera,"Departamento de Industria, Transición Energética y Sostenibilidad",https://www.euskadi.eus/web01-s2ekono/es/contenidos/informacion/estatistika_ing_090226/es_def/index.shtml,2-4-E2
FUENTE.Euskadi_Industria_gei,Inventario de gases de efecto invernadero,"Departamento de Industria, Transición Energética y Sostenibilidad",https://www.euskadi.eus/informacion/inventario-de-gases-de-efecto-invernadero-090205/web01-a2ingair/es/,13-2-2
FUENTE.Euskadi_Industria_gei,Inventario de gases de efecto invernadero,"Departamento de Industria, Transición Energética y Sostenibilidad",https://www.euskadi.eus/informacion/inventario-de-gases-de-efecto-invernadero-090205/web01-a2ingair/es/,9-4-1
FUENTE.Euskadi_Industria_gei,Inventario de gases de efecto invernadero,"Departamento de Industria, Transición Energética y Sostenibilidad",https://www.euskadi.eus/informacion/inventario-de-gases-de-efecto-invernadero-090205/web01-a2ingair/es/,OCECA-9-4-1-5
FUENTE.Euskadi_Industria_gei,Inventario de gases de efecto invernadero,"Departamento de Industria, Transición Energética y Sostenibilidad",https://www.euskadi.eus/informacion/inventario-de-gases-de-efecto-invernadero-090205/web01-a2ingair/es/,OCECA-9-4-1-6
FUENTE.KBA_kba,Key Biodiversity Areas,Secretariado de Key Biodiversity Areas,https://www.keybiodiversityareas.org/sites/search,14-5-1
FUENTE.KBA_kba,Key Biodiversity Areas,Secretariado de Key Biodiversity Areas,https://www.keybiodiversityareas.org/sites/search,15-1-2
FUENTE.KBA_kba,Key Biodiversity Areas,Secretariado de Key Biodiversity Areas,https://www.keybiodiversityareas.org/sites/search,15-4-1
FUENTE.GE_Hacienda_lpca,Liquidación de los presupuestos de las comunidades autónomas,Ministerio de Hacienda,https://www.hacienda.gob.es/es-ES/Areas%20Tematicas/Financiacion%20Autonomica/Paginas/DatosPresupuestarios.aspx,8-b-1
FUENTE.EEA_muertes,Muertes prematuras por exposición a partículas finas en Europa,Agencia Europea del Medio Ambiente,https://www.eea.europa.eu/en/analysis/indicators/health-impacts-of-exposure-to/premature-deaths-attributable-to-exposure,3-9-1
FUENTE.CIS_oppf,Opinión pública y política fiscal,Centro de Investigaciones Sociológicas (CIS),https://www.cis.es/catalogo-estudios/avance-resultados,16-6-2
FUENTE.OMS,Organización Mundial de la Salud,Organización Mundial de la Salud,https://www.who.int/data/gho/data/themes/air-pollution/household-air-pollution,7-1-2
FUENTE.Eustat_cpibmun,PIB Municipal,Eustat-Instituto Vasco de Estadística,https://es.eustat.eus/estadisticas/tema_489/opt_0/temas.html,2-a-1
FUENTE.Euskadi_gazte_emantzipazioa,Plan Joven de Euskadi y Estrategia vasca 2030 para favorecer la emancipación juvenil,"Departamento de Bienestar, Juventud y Reto Demográfico",https://www.euskadi.eus/planes-proyectos-juventud/web01-a2gazter/es/,8-b-1
FUENTE.Euskadi_enplegua,Plan de Empleo de Euskadi y Estrategia Vasca de Empleo,Departamento de Justicia y Derechos Humanos,https://www.euskadi.eus/planes-informes-planificacion-innovacion-empleo/web01-s2enple/es/,8-b-1
FUENTE.elankidetza_ataria,Portal de la cooperación pública vasca,Agencia Vasca de Cooperación y Solidaridad,https://euskalankidetza.hegoa.ehu.eus/es/site,1-a-1
FUENTE.elankidetza_ataria,Portal de la cooperación pública vasca,Agencia Vasca de Cooperación y Solidaridad,https://euskalankidetza.hegoa.ehu.eus/es/site,2-a-2
FUENTE.elankidetza_ataria,Portal de la cooperación pública vasca,Agencia Vasca de Cooperación y Solidaridad,https://euskalankidetza.hegoa.ehu.eus/es/site,3-b-2
FUENTE.OCDE_piaac,Programa de Evaluación de Competencias de Adultos (PIAAC),Organización para la Cooperación y Desarrollo Económico (OCDE),https://www.oecd.org/en/about/programmes/piaac.html,4-6-1
FUENTE.OCDE_pisa,Programa para la Evaluación Internacional de los Estudiantes (PISA),Organización para la Cooperación y Desarrollo Económico (OCDE),https://www.oecd.org/en/about/programmes/pisa.html,4-1-1
FUENTE.GE_Agricultura_recan,Red contable agraria nacional,"Ministerio de Agricultura, Pesca y Alimentación",https://www.mapa.gob.es/es/estadistica/temas/estadisticas-agrarias/economia/red-contable-recan/,2-4-1
FUENTE.Euskadi_Alimentacion_ricav,Red de Información Contable Agraria Vasca (RICAV),"Departamento de Alimentación, Desarrollo Rural, Agricultura y Pesca",https://www.euskadi.eus/ricav-agroganaderia/web01-a2estadi/es/,2-3-1
FUENTE.Euskadi_Alimentacion_ricav,Red de Información Contable Agraria Vasca (RICAV),"Departamento de Alimentación, Desarrollo Rural, Agricultura y Pesca",https://www.euskadi.eus/ricav-agroganaderia/web01-a2estadi/es/,2-3-2
FUENTE.GE_Economia_rie,Registro de inversiones exteriores,"Ministerio de Economía, Comercio y Empresa",https://comercio.gob.es/es-es/inversiones_exteriores/Paginas/default.aspx,17-3-1
FUENTE.Euskadi_Salud_ekuis,Sistema de Información de las Aguas de Consumo (EKUIS),Gobierno Vasco,https://beta.euskadi.eus/informacion/el-abastecimiento-de-agua-en-la-capv/web01-a3aguas/es/,6-1-1
FUENTE.Euskadi_Salud_ritox,Sistema de información sobre adicciones,Departamento de Salud,https://www.euskadi.eus/informacion/sistema-de-informacion-de-toxicomanias/web01-a3regepi/es/,3-5-1
FUENTE.CNMC_tsa,Telecomunicaciones y sector audiovisual,Comisión Nacional de los Mercados y la Competencia (CNMC),https://data.cnmc.es/telecomunicaciones-y-sector-audiovisual,17-6-1
FUENTE.GE_Interior_tesh,Trata y explotación de seres humanos en España. Balance estadístico,Ministerio del Interior,https://www.interior.gob.es/opencms/es/servicios-al-ciudadano/trata/situacion-en-espana/,16-2-2
FUENTE.GE_Transicion_tratar,Tratamiento de las aguas residuales urbanas,Ministerio para la Transición Ecológica y el Reto Demográfico,https://www.miteco.gob.es/es/agua/temas/saneamiento-depuracion.html,6-3-1
FUENTE.Eustat_iig,Índice de Igualdad de Género,Eustat-Instituto Vasco de Estadística,https://es.eustat.eus/estadisticas/tema_515/opt_0/temas.html,16-7-1
FUENTE.Eustat_iig,Índice de Igualdad de Género,Eustat-Instituto Vasco de Estadística,https://es.eustat.eus/estadisticas/tema_515/opt_0/temas.html,5-5-1
FUENTE.INE_ipc,Índice de precios de consumo,Instituto Nacional de Estadística (INE),https://www.ine.es/dyngs/INEbase/es/operacion.htm?c=Estadistica_C&cid=1254736176802&menu=ultiDatos&idp=1254735976607,1-5-2
FUENTE.INE_ipc,Índice de precios de consumo,Instituto Nacional de Estadística (INE),https://www.ine.es/dyngs/INEbase/es/operacion.htm?c=Estadistica_C&cid=1254736176802&menu=ultiDatos&idp=1254735976607,11-5-2
FUENTE.INE_ipc,Índice de precios de consumo,Instituto Nacional de Estadística (INE),https://www.ine.es/dyngs/INEbase/es/operacion.htm?c=Estadistica_C&cid=1254736176802&menu=ultiDatos&idp=1254735976607,17-13-1
FUENTE.INE_ipc,Índice de precios de consumo,Instituto Nacional de Estadística (INE),https://www.ine.es/dyngs/INEbase/es/operacion.htm?c=Estadistica_C&cid=1254736176802&menu=ultiDatos&idp=1254735976607,2-c-1
