Year,Sexo,Territorio,Units,Value
2022,,,PT,8.8
2023,,,PT,8
2025,,,PT,8.5
2024,,,PT,7.4
2021,,,PT,8.9
2021,,01,PT,12
2022,,01,PT,7.1
2025,,01,PT,6.3
2023,,01,PT,8.7
2024,,01,PT,7.9
2023,,48,PT,8.9
2021,,48,PT,9.2
2025,,48,PT,9.3
2024,,48,PT,6.9
2022,,48,PT,10.9
2025,,20,PT,8.3
2021,,20,PT,7.3
2022,,20,PT,6.4
2023,,20,PT,6.4
2024,,20,PT,7.9
2025,F,,PT,6.5
2022,F,,PT,7.5
2021,F,,PT,9.2
2023,F,,PT,7.3
2024,F,,PT,5.8
2021,F,01,PT,15.1
2023,F,01,PT,7.7
2025,F,01,PT,2.4
2024,F,01,PT,6.6
2022,F,01,PT,6.5
2025,F,48,PT,7
2024,F,48,PT,4.9
2022,F,48,PT,8.5
2023,F,48,PT,8
2021,F,48,PT,8.9
2025,F,20,PT,7.6
2024,F,20,PT,6.7
2022,F,20,PT,6.6
2021,F,20,PT,7.4
2023,F,20,PT,6
2023,M,,PT,8.7
2022,M,,PT,10
2025,M,,PT,10.5
2024,M,,PT,9
2021,M,,PT,8.7
2022,M,01,PT,7.6
2024,M,01,PT,9.1
2023,M,01,PT,9.4
2025,M,01,PT,9.8
2021,M,01,PT,9.4
2025,M,48,PT,11.5
2024,M,48,PT,8.9
2023,M,48,PT,9.8
2022,M,48,PT,13.3
2021,M,48,PT,9.6
2022,M,20,PT,6.2
2021,M,20,PT,7.2
2025,M,20,PT,9.1
2024,M,20,PT,9.1
2023,M,20,PT,6.7
