Year,Series,Sex,Province,Units,Value
2019,"Premature deaths rate due to exposure to fine particulate matter per 100,000 inhabitants",,,"Per 100,000",31.3
2017,"Premature deaths rate due to exposure to fine particulate matter per 100,000 inhabitants",,,"Per 100,000",29.0
2016,"Premature deaths rate due to exposure to fine particulate matter per 100,000 inhabitants",,,"Per 100,000",27.2
2015,"Premature deaths rate due to exposure to fine particulate matter per 100,000 inhabitants",,,"Per 100,000",39.5
2020,"Premature deaths rate due to exposure to fine particulate matter per 100,000 inhabitants",,,"Per 100,000",29.9
2021,"Premature deaths rate due to exposure to fine particulate matter per 100,000 inhabitants",,,"Per 100,000",30.0
2023,"Premature deaths rate due to exposure to fine particulate matter per 100,000 inhabitants",,,"Per 100,000",27.8
2018,"Premature deaths rate due to exposure to fine particulate matter per 100,000 inhabitants",,,"Per 100,000",41.1
2022,"Premature deaths rate due to exposure to fine particulate matter per 100,000 inhabitants",,,"Per 100,000",37.1
2020,"Premature deaths rate due to exposure to fine particulate matter per 100,000 inhabitants",,Araba/Álava,"Per 100,000",26.3
2015,"Premature deaths rate due to exposure to fine particulate matter per 100,000 inhabitants",,Araba/Álava,"Per 100,000",34.8
2019,"Premature deaths rate due to exposure to fine particulate matter per 100,000 inhabitants",,Araba/Álava,"Per 100,000",26.9
2021,"Premature deaths rate due to exposure to fine particulate matter per 100,000 inhabitants",,Araba/Álava,"Per 100,000",23.0
2023,"Premature deaths rate due to exposure to fine particulate matter per 100,000 inhabitants",,Araba/Álava,"Per 100,000",21.0
2018,"Premature deaths rate due to exposure to fine particulate matter per 100,000 inhabitants",,Araba/Álava,"Per 100,000",35.5
2022,"Premature deaths rate due to exposure to fine particulate matter per 100,000 inhabitants",,Araba/Álava,"Per 100,000",31.4
2017,"Premature deaths rate due to exposure to fine particulate matter per 100,000 inhabitants",,Araba/Álava,"Per 100,000",23.7
2016,"Premature deaths rate due to exposure to fine particulate matter per 100,000 inhabitants",,Araba/Álava,"Per 100,000",23.9
2019,"Premature deaths rate due to exposure to fine particulate matter per 100,000 inhabitants",,Bizkaia,"Per 100,000",36.2
2017,"Premature deaths rate due to exposure to fine particulate matter per 100,000 inhabitants",,Bizkaia,"Per 100,000",35.4
2018,"Premature deaths rate due to exposure to fine particulate matter per 100,000 inhabitants",,Bizkaia,"Per 100,000",46.1
2015,"Premature deaths rate due to exposure to fine particulate matter per 100,000 inhabitants",,Bizkaia,"Per 100,000",45.5
2016,"Premature deaths rate due to exposure to fine particulate matter per 100,000 inhabitants",,Bizkaia,"Per 100,000",33.2
2022,"Premature deaths rate due to exposure to fine particulate matter per 100,000 inhabitants",,Bizkaia,"Per 100,000",43.5
2021,"Premature deaths rate due to exposure to fine particulate matter per 100,000 inhabitants",,Bizkaia,"Per 100,000",36.7
2020,"Premature deaths rate due to exposure to fine particulate matter per 100,000 inhabitants",,Bizkaia,"Per 100,000",36.2
2023,"Premature deaths rate due to exposure to fine particulate matter per 100,000 inhabitants",,Bizkaia,"Per 100,000",34.6
2019,"Premature deaths rate due to exposure to fine particulate matter per 100,000 inhabitants",,Gipuzkoa,"Per 100,000",25.6
2015,"Premature deaths rate due to exposure to fine particulate matter per 100,000 inhabitants",,Gipuzkoa,"Per 100,000",31.9
2022,"Premature deaths rate due to exposure to fine particulate matter per 100,000 inhabitants",,Gipuzkoa,"Per 100,000",29.3
2017,"Premature deaths rate due to exposure to fine particulate matter per 100,000 inhabitants",,Gipuzkoa,"Per 100,000",21.0
2018,"Premature deaths rate due to exposure to fine particulate matter per 100,000 inhabitants",,Gipuzkoa,"Per 100,000",35.5
2021,"Premature deaths rate due to exposure to fine particulate matter per 100,000 inhabitants",,Gipuzkoa,"Per 100,000",22.5
2023,"Premature deaths rate due to exposure to fine particulate matter per 100,000 inhabitants",,Gipuzkoa,"Per 100,000",20.2
2020,"Premature deaths rate due to exposure to fine particulate matter per 100,000 inhabitants",,Gipuzkoa,"Per 100,000",21.1
2016,"Premature deaths rate due to exposure to fine particulate matter per 100,000 inhabitants",,Gipuzkoa,"Per 100,000",18.7
2016,"Premature deaths rate due to exposure to fine particulate matter per 100,000 inhabitants",Female,,"Per 100,000",13.3
2021,"Premature deaths rate due to exposure to fine particulate matter per 100,000 inhabitants",Female,,"Per 100,000",14.5
2020,"Premature deaths rate due to exposure to fine particulate matter per 100,000 inhabitants",Female,,"Per 100,000",14.7
2017,"Premature deaths rate due to exposure to fine particulate matter per 100,000 inhabitants",Female,,"Per 100,000",14.3
2018,"Premature deaths rate due to exposure to fine particulate matter per 100,000 inhabitants",Female,,"Per 100,000",20.2
2015,"Premature deaths rate due to exposure to fine particulate matter per 100,000 inhabitants",Female,,"Per 100,000",19.5
2023,"Premature deaths rate due to exposure to fine particulate matter per 100,000 inhabitants",Female,,"Per 100,000",13.6
2019,"Premature deaths rate due to exposure to fine particulate matter per 100,000 inhabitants",Female,,"Per 100,000",15.3
2022,"Premature deaths rate due to exposure to fine particulate matter per 100,000 inhabitants",Female,,"Per 100,000",18.2
2018,"Premature deaths rate due to exposure to fine particulate matter per 100,000 inhabitants",Female,Araba/Álava,"Per 100,000",17.3
2020,"Premature deaths rate due to exposure to fine particulate matter per 100,000 inhabitants",Female,Araba/Álava,"Per 100,000",12.9
2022,"Premature deaths rate due to exposure to fine particulate matter per 100,000 inhabitants",Female,Araba/Álava,"Per 100,000",15.4
2017,"Premature deaths rate due to exposure to fine particulate matter per 100,000 inhabitants",Female,Araba/Álava,"Per 100,000",11.8
2016,"Premature deaths rate due to exposure to fine particulate matter per 100,000 inhabitants",Female,Araba/Álava,"Per 100,000",11.6
2023,"Premature deaths rate due to exposure to fine particulate matter per 100,000 inhabitants",Female,Araba/Álava,"Per 100,000",10.1
2015,"Premature deaths rate due to exposure to fine particulate matter per 100,000 inhabitants",Female,Araba/Álava,"Per 100,000",17.0
2019,"Premature deaths rate due to exposure to fine particulate matter per 100,000 inhabitants",Female,Araba/Álava,"Per 100,000",13.1
2021,"Premature deaths rate due to exposure to fine particulate matter per 100,000 inhabitants",Female,Araba/Álava,"Per 100,000",11.2
2017,"Premature deaths rate due to exposure to fine particulate matter per 100,000 inhabitants",Female,Bizkaia,"Per 100,000",17.4
2020,"Premature deaths rate due to exposure to fine particulate matter per 100,000 inhabitants",Female,Bizkaia,"Per 100,000",17.7
2015,"Premature deaths rate due to exposure to fine particulate matter per 100,000 inhabitants",Female,Bizkaia,"Per 100,000",22.4
2019,"Premature deaths rate due to exposure to fine particulate matter per 100,000 inhabitants",Female,Bizkaia,"Per 100,000",17.7
2022,"Premature deaths rate due to exposure to fine particulate matter per 100,000 inhabitants",Female,Bizkaia,"Per 100,000",21.3
2018,"Premature deaths rate due to exposure to fine particulate matter per 100,000 inhabitants",Female,Bizkaia,"Per 100,000",22.6
2021,"Premature deaths rate due to exposure to fine particulate matter per 100,000 inhabitants",Female,Bizkaia,"Per 100,000",17.7
2016,"Premature deaths rate due to exposure to fine particulate matter per 100,000 inhabitants",Female,Bizkaia,"Per 100,000",16.2
2023,"Premature deaths rate due to exposure to fine particulate matter per 100,000 inhabitants",Female,Bizkaia,"Per 100,000",16.9
2023,"Premature deaths rate due to exposure to fine particulate matter per 100,000 inhabitants",Female,Gipuzkoa,"Per 100,000",9.8
2020,"Premature deaths rate due to exposure to fine particulate matter per 100,000 inhabitants",Female,Gipuzkoa,"Per 100,000",10.4
2019,"Premature deaths rate due to exposure to fine particulate matter per 100,000 inhabitants",Female,Gipuzkoa,"Per 100,000",12.5
2018,"Premature deaths rate due to exposure to fine particulate matter per 100,000 inhabitants",Female,Gipuzkoa,"Per 100,000",17.4
2022,"Premature deaths rate due to exposure to fine particulate matter per 100,000 inhabitants",Female,Gipuzkoa,"Per 100,000",14.4
2015,"Premature deaths rate due to exposure to fine particulate matter per 100,000 inhabitants",Female,Gipuzkoa,"Per 100,000",15.7
2016,"Premature deaths rate due to exposure to fine particulate matter per 100,000 inhabitants",Female,Gipuzkoa,"Per 100,000",9.2
2017,"Premature deaths rate due to exposure to fine particulate matter per 100,000 inhabitants",Female,Gipuzkoa,"Per 100,000",10.3
2021,"Premature deaths rate due to exposure to fine particulate matter per 100,000 inhabitants",Female,Gipuzkoa,"Per 100,000",10.9
2018,"Premature deaths rate due to exposure to fine particulate matter per 100,000 inhabitants",Male,,"Per 100,000",20.9
2016,"Premature deaths rate due to exposure to fine particulate matter per 100,000 inhabitants",Male,,"Per 100,000",13.9
2015,"Premature deaths rate due to exposure to fine particulate matter per 100,000 inhabitants",Male,,"Per 100,000",20.1
2019,"Premature deaths rate due to exposure to fine particulate matter per 100,000 inhabitants",Male,,"Per 100,000",16.0
2021,"Premature deaths rate due to exposure to fine particulate matter per 100,000 inhabitants",Male,,"Per 100,000",15.5
2023,"Premature deaths rate due to exposure to fine particulate matter per 100,000 inhabitants",Male,,"Per 100,000",14.1
2022,"Premature deaths rate due to exposure to fine particulate matter per 100,000 inhabitants",Male,,"Per 100,000",18.8
2017,"Premature deaths rate due to exposure to fine particulate matter per 100,000 inhabitants",Male,,"Per 100,000",14.7
2020,"Premature deaths rate due to exposure to fine particulate matter per 100,000 inhabitants",Male,,"Per 100,000",15.2
2022,"Premature deaths rate due to exposure to fine particulate matter per 100,000 inhabitants",Male,Araba/Álava,"Per 100,000",16.0
2015,"Premature deaths rate due to exposure to fine particulate matter per 100,000 inhabitants",Male,Araba/Álava,"Per 100,000",17.6
2018,"Premature deaths rate due to exposure to fine particulate matter per 100,000 inhabitants",Male,Araba/Álava,"Per 100,000",17.9
2021,"Premature deaths rate due to exposure to fine particulate matter per 100,000 inhabitants",Male,Araba/Álava,"Per 100,000",11.9
2017,"Premature deaths rate due to exposure to fine particulate matter per 100,000 inhabitants",Male,Araba/Álava,"Per 100,000",11.9
2019,"Premature deaths rate due to exposure to fine particulate matter per 100,000 inhabitants",Male,Araba/Álava,"Per 100,000",13.6
2020,"Premature deaths rate due to exposure to fine particulate matter per 100,000 inhabitants",Male,Araba/Álava,"Per 100,000",13.4
2016,"Premature deaths rate due to exposure to fine particulate matter per 100,000 inhabitants",Male,Araba/Álava,"Per 100,000",12.3
2023,"Premature deaths rate due to exposure to fine particulate matter per 100,000 inhabitants",Male,Araba/Álava,"Per 100,000",10.6
2016,"Premature deaths rate due to exposure to fine particulate matter per 100,000 inhabitants",Male,Bizkaia,"Per 100,000",16.9
2018,"Premature deaths rate due to exposure to fine particulate matter per 100,000 inhabitants",Male,Bizkaia,"Per 100,000",23.5
2017,"Premature deaths rate due to exposure to fine particulate matter per 100,000 inhabitants",Male,Bizkaia,"Per 100,000",18.0
2021,"Premature deaths rate due to exposure to fine particulate matter per 100,000 inhabitants",Male,Bizkaia,"Per 100,000",19.0
2015,"Premature deaths rate due to exposure to fine particulate matter per 100,000 inhabitants",Male,Bizkaia,"Per 100,000",23.0
2020,"Premature deaths rate due to exposure to fine particulate matter per 100,000 inhabitants",Male,Bizkaia,"Per 100,000",18.5
2022,"Premature deaths rate due to exposure to fine particulate matter per 100,000 inhabitants",Male,Bizkaia,"Per 100,000",22.1
2023,"Premature deaths rate due to exposure to fine particulate matter per 100,000 inhabitants",Male,Bizkaia,"Per 100,000",17.6
2019,"Premature deaths rate due to exposure to fine particulate matter per 100,000 inhabitants",Male,Bizkaia,"Per 100,000",18.5
2023,"Premature deaths rate due to exposure to fine particulate matter per 100,000 inhabitants",Male,Gipuzkoa,"Per 100,000",10.2
2021,"Premature deaths rate due to exposure to fine particulate matter per 100,000 inhabitants",Male,Gipuzkoa,"Per 100,000",11.6
2016,"Premature deaths rate due to exposure to fine particulate matter per 100,000 inhabitants",Male,Gipuzkoa,"Per 100,000",9.5
2020,"Premature deaths rate due to exposure to fine particulate matter per 100,000 inhabitants",Male,Gipuzkoa,"Per 100,000",10.8
2015,"Premature deaths rate due to exposure to fine particulate matter per 100,000 inhabitants",Male,Gipuzkoa,"Per 100,000",16.1
2017,"Premature deaths rate due to exposure to fine particulate matter per 100,000 inhabitants",Male,Gipuzkoa,"Per 100,000",10.5
2018,"Premature deaths rate due to exposure to fine particulate matter per 100,000 inhabitants",Male,Gipuzkoa,"Per 100,000",18.1
2019,"Premature deaths rate due to exposure to fine particulate matter per 100,000 inhabitants",Male,Gipuzkoa,"Per 100,000",13.1
2022,"Premature deaths rate due to exposure to fine particulate matter per 100,000 inhabitants",Male,Gipuzkoa,"Per 100,000",14.8
2023,Number of premature deaths due to exposure to fine particulate matter,,,Number,569.0
2021,Number of premature deaths due to exposure to fine particulate matter,,,Number,607.0
2016,Number of premature deaths due to exposure to fine particulate matter,,,Number,560.0
2020,Number of premature deaths due to exposure to fine particulate matter,,,Number,606.0
2018,Number of premature deaths due to exposure to fine particulate matter,,,Number,836.0
2019,Number of premature deaths due to exposure to fine particulate matter,,,Number,636.0
2015,Number of premature deaths due to exposure to fine particulate matter,,,Number,821.0
2017,Number of premature deaths due to exposure to fine particulate matter,,,Number,594.0
2022,Number of premature deaths due to exposure to fine particulate matter,,,Number,750.0
2017,Number of premature deaths due to exposure to fine particulate matter,,Araba/Álava,Number,79.0
2015,Number of premature deaths due to exposure to fine particulate matter,,Araba/Álava,Number,115.0
2019,Number of premature deaths due to exposure to fine particulate matter,,Araba/Álava,Number,91.0
2020,Number of premature deaths due to exposure to fine particulate matter,,Araba/Álava,Number,90.0
2021,Number of premature deaths due to exposure to fine particulate matter,,Araba/Álava,Number,79.0
2022,Number of premature deaths due to exposure to fine particulate matter,,Araba/Álava,Number,108.0
2016,Number of premature deaths due to exposure to fine particulate matter,,Araba/Álava,Number,79.0
2018,Number of premature deaths due to exposure to fine particulate matter,,Araba/Álava,Number,119.0
2023,Number of premature deaths due to exposure to fine particulate matter,,Araba/Álava,Number,73.0
2017,Number of premature deaths due to exposure to fine particulate matter,,Bizkaia,Number,377.0
2022,Number of premature deaths due to exposure to fine particulate matter,,Bizkaia,Number,456.0
2020,Number of premature deaths due to exposure to fine particulate matter,,Bizkaia,Number,381.0
2023,Number of premature deaths due to exposure to fine particulate matter,,Bizkaia,Number,367.0
2016,Number of premature deaths due to exposure to fine particulate matter,,Bizkaia,Number,357.0
2018,Number of premature deaths due to exposure to fine particulate matter,,Bizkaia,Number,488.0
2015,Number of premature deaths due to exposure to fine particulate matter,,Bizkaia,Number,494.0
2021,Number of premature deaths due to exposure to fine particulate matter,,Bizkaia,Number,384.0
2019,Number of premature deaths due to exposure to fine particulate matter,,Bizkaia,Number,381.0
2017,Number of premature deaths due to exposure to fine particulate matter,,Gipuzkoa,Number,136.0
2023,Number of premature deaths due to exposure to fine particulate matter,,Gipuzkoa,Number,129.0
2015,Number of premature deaths due to exposure to fine particulate matter,,Gipuzkoa,Number,211.0
2016,Number of premature deaths due to exposure to fine particulate matter,,Gipuzkoa,Number,122.0
2020,Number of premature deaths due to exposure to fine particulate matter,,Gipuzkoa,Number,134.0
2019,Number of premature deaths due to exposure to fine particulate matter,,Gipuzkoa,Number,163.0
2018,Number of premature deaths due to exposure to fine particulate matter,,Gipuzkoa,Number,228.0
2022,Number of premature deaths due to exposure to fine particulate matter,,Gipuzkoa,Number,185.0
2021,Number of premature deaths due to exposure to fine particulate matter,,Gipuzkoa,Number,142.0
2021,Number of premature deaths due to exposure to fine particulate matter,Female,,Number,299.0
2016,Number of premature deaths due to exposure to fine particulate matter,Female,,Number,278.0
2023,Number of premature deaths due to exposure to fine particulate matter,Female,,Number,285.0
2018,Number of premature deaths due to exposure to fine particulate matter,Female,,Number,418.0
2022,Number of premature deaths due to exposure to fine particulate matter,Female,,Number,376.0
2019,Number of premature deaths due to exposure to fine particulate matter,Female,,Number,317.0
2020,Number of premature deaths due to exposure to fine particulate matter,Female,,Number,303.0
2015,Number of premature deaths due to exposure to fine particulate matter,Female,,Number,411.0
2017,Number of premature deaths due to exposure to fine particulate matter,Female,,Number,298.0
2021,Number of premature deaths due to exposure to fine particulate matter,Female,Araba/Álava,Number,39.0
2022,Number of premature deaths due to exposure to fine particulate matter,Female,Araba/Álava,Number,54.0
2017,Number of premature deaths due to exposure to fine particulate matter,Female,Araba/Álava,Number,40.0
2015,Number of premature deaths due to exposure to fine particulate matter,Female,Araba/Álava,Number,57.0
2016,Number of premature deaths due to exposure to fine particulate matter,Female,Araba/Álava,Number,39.0
2018,Number of premature deaths due to exposure to fine particulate matter,Female,Araba/Álava,Number,59.0
2019,Number of premature deaths due to exposure to fine particulate matter,Female,Araba/Álava,Number,45.0
2020,Number of premature deaths due to exposure to fine particulate matter,Female,Araba/Álava,Number,45.0
2023,Number of premature deaths due to exposure to fine particulate matter,Female,Araba/Álava,Number,36.0
2021,Number of premature deaths due to exposure to fine particulate matter,Female,Bizkaia,Number,189.0
2017,Number of premature deaths due to exposure to fine particulate matter,Female,Bizkaia,Number,189.0
2015,Number of premature deaths due to exposure to fine particulate matter,Female,Bizkaia,Number,247.0
2018,Number of premature deaths due to exposure to fine particulate matter,Female,Bizkaia,Number,244.0
2020,Number of premature deaths due to exposure to fine particulate matter,Female,Bizkaia,Number,190.0
2022,Number of premature deaths due to exposure to fine particulate matter,Female,Bizkaia,Number,228.0
2023,Number of premature deaths due to exposure to fine particulate matter,Female,Bizkaia,Number,183.0
2016,Number of premature deaths due to exposure to fine particulate matter,Female,Bizkaia,Number,177.0
2019,Number of premature deaths due to exposure to fine particulate matter,Female,Bizkaia,Number,190.0
2015,Number of premature deaths due to exposure to fine particulate matter,Female,Gipuzkoa,Number,106.0
2016,Number of premature deaths due to exposure to fine particulate matter,Female,Gipuzkoa,Number,61.0
2018,Number of premature deaths due to exposure to fine particulate matter,Female,Gipuzkoa,Number,114.0
2020,Number of premature deaths due to exposure to fine particulate matter,Female,Gipuzkoa,Number,67.0
2017,Number of premature deaths due to exposure to fine particulate matter,Female,Gipuzkoa,Number,68.0
2021,Number of premature deaths due to exposure to fine particulate matter,Female,Gipuzkoa,Number,70.0
2019,Number of premature deaths due to exposure to fine particulate matter,Female,Gipuzkoa,Number,81.0
2023,Number of premature deaths due to exposure to fine particulate matter,Female,Gipuzkoa,Number,64.0
2022,Number of premature deaths due to exposure to fine particulate matter,Female,Gipuzkoa,Number,93.0
2017,Number of premature deaths due to exposure to fine particulate matter,Male,,Number,296.0
2019,Number of premature deaths due to exposure to fine particulate matter,Male,,Number,319.0
2018,Number of premature deaths due to exposure to fine particulate matter,Male,,Number,417.0
2015,Number of premature deaths due to exposure to fine particulate matter,Male,,Number,410.0
2022,Number of premature deaths due to exposure to fine particulate matter,Male,,Number,373.0
2020,Number of premature deaths due to exposure to fine particulate matter,Male,,Number,303.0
2021,Number of premature deaths due to exposure to fine particulate matter,Male,,Number,308.0
2016,Number of premature deaths due to exposure to fine particulate matter,Male,,Number,281.0
2023,Number of premature deaths due to exposure to fine particulate matter,Male,,Number,284.0
2021,Number of premature deaths due to exposure to fine particulate matter,Male,Araba/Álava,Number,40.0
2019,Number of premature deaths due to exposure to fine particulate matter,Male,Araba/Álava,Number,45.0
2023,Number of premature deaths due to exposure to fine particulate matter,Male,Araba/Álava,Number,36.0
2022,Number of premature deaths due to exposure to fine particulate matter,Male,Araba/Álava,Number,54.0
2016,Number of premature deaths due to exposure to fine particulate matter,Male,Araba/Álava,Number,40.0
2020,Number of premature deaths due to exposure to fine particulate matter,Male,Araba/Álava,Number,45.0
2018,Number of premature deaths due to exposure to fine particulate matter,Male,Araba/Álava,Number,59.0
2017,Number of premature deaths due to exposure to fine particulate matter,Male,Araba/Álava,Number,39.0
2015,Number of premature deaths due to exposure to fine particulate matter,Male,Araba/Álava,Number,57.0
2018,Number of premature deaths due to exposure to fine particulate matter,Male,Bizkaia,Number,244.0
2017,Number of premature deaths due to exposure to fine particulate matter,Male,Bizkaia,Number,188.0
2021,Number of premature deaths due to exposure to fine particulate matter,Male,Bizkaia,Number,195.0
2015,Number of premature deaths due to exposure to fine particulate matter,Male,Bizkaia,Number,246.0
2016,Number of premature deaths due to exposure to fine particulate matter,Male,Bizkaia,Number,179.0
2022,Number of premature deaths due to exposure to fine particulate matter,Male,Bizkaia,Number,227.0
2020,Number of premature deaths due to exposure to fine particulate matter,Male,Bizkaia,Number,191.0
2023,Number of premature deaths due to exposure to fine particulate matter,Male,Bizkaia,Number,183.0
2019,Number of premature deaths due to exposure to fine particulate matter,Male,Bizkaia,Number,191.0
2016,Number of premature deaths due to exposure to fine particulate matter,Male,Gipuzkoa,Number,61.0
2017,Number of premature deaths due to exposure to fine particulate matter,Male,Gipuzkoa,Number,67.0
2019,Number of premature deaths due to exposure to fine particulate matter,Male,Gipuzkoa,Number,82.0
2018,Number of premature deaths due to exposure to fine particulate matter,Male,Gipuzkoa,Number,114.0
2023,Number of premature deaths due to exposure to fine particulate matter,Male,Gipuzkoa,Number,64.0
2020,Number of premature deaths due to exposure to fine particulate matter,Male,Gipuzkoa,Number,67.0
2015,Number of premature deaths due to exposure to fine particulate matter,Male,Gipuzkoa,Number,105.0
2021,Number of premature deaths due to exposure to fine particulate matter,Male,Gipuzkoa,Number,72.0
2022,Number of premature deaths due to exposure to fine particulate matter,Male,Gipuzkoa,Number,92.0
