Year,Sexo,Territorio histórico,Units,Value
2022,,,%,8.8
2023,,,%,8.0
2025,,,%,8.5
2024,,,%,7.4
2021,,,%,8.9
2021,,1.0,%,12.0
2022,,1.0,%,7.1
2025,,1.0,%,6.3
2023,,1.0,%,8.7
2024,,1.0,%,7.9
2023,,48.0,%,8.9
2021,,48.0,%,9.2
2025,,48.0,%,9.3
2024,,48.0,%,6.9
2022,,48.0,%,10.9
2025,,20.0,%,8.3
2021,,20.0,%,7.3
2022,,20.0,%,6.4
2023,,20.0,%,6.4
2024,,20.0,%,7.9
2025,Mujer,,%,6.5
2022,Mujer,,%,7.5
2021,Mujer,,%,9.2
2023,Mujer,,%,7.3
2024,Mujer,,%,5.8
2021,Mujer,1.0,%,15.1
2023,Mujer,1.0,%,7.7
2025,Mujer,1.0,%,2.4
2024,Mujer,1.0,%,6.6
2022,Mujer,1.0,%,6.5
2025,Mujer,48.0,%,7.0
2024,Mujer,48.0,%,4.9
2022,Mujer,48.0,%,8.5
2023,Mujer,48.0,%,8.0
2021,Mujer,48.0,%,8.9
2025,Mujer,20.0,%,7.6
2024,Mujer,20.0,%,6.7
2022,Mujer,20.0,%,6.6
2021,Mujer,20.0,%,7.4
2023,Mujer,20.0,%,6.0
2023,Hombre,,%,8.7
2022,Hombre,,%,10.0
2025,Hombre,,%,10.5
2024,Hombre,,%,9.0
2021,Hombre,,%,8.7
2022,Hombre,1.0,%,7.6
2024,Hombre,1.0,%,9.1
2023,Hombre,1.0,%,9.4
2025,Hombre,1.0,%,9.8
2021,Hombre,1.0,%,9.4
2025,Hombre,48.0,%,11.5
2024,Hombre,48.0,%,8.9
2023,Hombre,48.0,%,9.8
2022,Hombre,48.0,%,13.3
2021,Hombre,48.0,%,9.6
2022,Hombre,20.0,%,6.2
2021,Hombre,20.0,%,7.2
2025,Hombre,20.0,%,9.1
2024,Hombre,20.0,%,9.1
2023,Hombre,20.0,%,6.7
