Year,Series,Sexua,Lurralde historikoa,Units,Value
2017,EU_SDG_11_52_NR,,,NR,594.0
2023,EU_SDG_11_52_PER_100000,,,100.000 biztanleko,27.8
2016,EU_SDG_11_52_PER_100000,,,100.000 biztanleko,27.2
2018,EU_SDG_11_52_NR,,,NR,836.0
2022,EU_SDG_11_52_PER_100000,,,100.000 biztanleko,37.1
2021,EU_SDG_11_52_NR,,,NR,607.0
2021,EU_SDG_11_52_PER_100000,,,100.000 biztanleko,30.0
2016,EU_SDG_11_52_NR,,,NR,560.0
2022,EU_SDG_11_52_NR,,,NR,750.0
2019,EU_SDG_11_52_PER_100000,,,100.000 biztanleko,31.3
2019,EU_SDG_11_52_NR,,,NR,636.0
2023,EU_SDG_11_52_NR,,,NR,569.0
2015,EU_SDG_11_52_PER_100000,,,100.000 biztanleko,39.5
2020,EU_SDG_11_52_PER_100000,,,100.000 biztanleko,29.9
2017,EU_SDG_11_52_PER_100000,,,100.000 biztanleko,29.0
2020,EU_SDG_11_52_NR,,,NR,606.0
2015,EU_SDG_11_52_NR,,,NR,821.0
2018,EU_SDG_11_52_PER_100000,,,100.000 biztanleko,41.1
2015,EU_SDG_11_52_NR,,Araba / Álava,NR,115.0
2017,EU_SDG_11_52_PER_100000,,Araba / Álava,100.000 biztanleko,23.7
2020,EU_SDG_11_52_PER_100000,,Araba / Álava,100.000 biztanleko,26.3
2015,EU_SDG_11_52_PER_100000,,Araba / Álava,100.000 biztanleko,34.8
2018,EU_SDG_11_52_PER_100000,,Araba / Álava,100.000 biztanleko,35.5
2016,EU_SDG_11_52_NR,,Araba / Álava,NR,79.0
2020,EU_SDG_11_52_NR,,Araba / Álava,NR,90.0
2021,EU_SDG_11_52_PER_100000,,Araba / Álava,100.000 biztanleko,23.0
2023,EU_SDG_11_52_NR,,Araba / Álava,NR,73.0
2017,EU_SDG_11_52_NR,,Araba / Álava,NR,79.0
2021,EU_SDG_11_52_NR,,Araba / Álava,NR,79.0
2019,EU_SDG_11_52_NR,,Araba / Álava,NR,91.0
2018,EU_SDG_11_52_NR,,Araba / Álava,NR,119.0
2023,EU_SDG_11_52_PER_100000,,Araba / Álava,100.000 biztanleko,21.0
2022,EU_SDG_11_52_NR,,Araba / Álava,NR,108.0
2019,EU_SDG_11_52_PER_100000,,Araba / Álava,100.000 biztanleko,26.9
2022,EU_SDG_11_52_PER_100000,,Araba / Álava,100.000 biztanleko,31.4
2016,EU_SDG_11_52_PER_100000,,Araba / Álava,100.000 biztanleko,23.9
2023,EU_SDG_11_52_NR,,Bizkaia,NR,367.0
2019,EU_SDG_11_52_NR,,Bizkaia,NR,381.0
2017,EU_SDG_11_52_NR,,Bizkaia,NR,377.0
2016,EU_SDG_11_52_PER_100000,,Bizkaia,100.000 biztanleko,33.2
2020,EU_SDG_11_52_NR,,Bizkaia,NR,381.0
2023,EU_SDG_11_52_PER_100000,,Bizkaia,100.000 biztanleko,34.6
2018,EU_SDG_11_52_NR,,Bizkaia,NR,488.0
2021,EU_SDG_11_52_PER_100000,,Bizkaia,100.000 biztanleko,36.7
2017,EU_SDG_11_52_PER_100000,,Bizkaia,100.000 biztanleko,35.4
2021,EU_SDG_11_52_NR,,Bizkaia,NR,384.0
2020,EU_SDG_11_52_PER_100000,,Bizkaia,100.000 biztanleko,36.2
2015,EU_SDG_11_52_PER_100000,,Bizkaia,100.000 biztanleko,45.5
2018,EU_SDG_11_52_PER_100000,,Bizkaia,100.000 biztanleko,46.1
2016,EU_SDG_11_52_NR,,Bizkaia,NR,357.0
2019,EU_SDG_11_52_PER_100000,,Bizkaia,100.000 biztanleko,36.2
2022,EU_SDG_11_52_NR,,Bizkaia,NR,456.0
2015,EU_SDG_11_52_NR,,Bizkaia,NR,494.0
2022,EU_SDG_11_52_PER_100000,,Bizkaia,100.000 biztanleko,43.5
2016,EU_SDG_11_52_NR,,Gipuzkoa,NR,122.0
2015,EU_SDG_11_52_PER_100000,,Gipuzkoa,100.000 biztanleko,31.9
2017,EU_SDG_11_52_NR,,Gipuzkoa,NR,136.0
2023,EU_SDG_11_52_NR,,Gipuzkoa,NR,129.0
2022,EU_SDG_11_52_PER_100000,,Gipuzkoa,100.000 biztanleko,29.3
2015,EU_SDG_11_52_NR,,Gipuzkoa,NR,211.0
2017,EU_SDG_11_52_PER_100000,,Gipuzkoa,100.000 biztanleko,21.0
2020,EU_SDG_11_52_PER_100000,,Gipuzkoa,100.000 biztanleko,21.1
2019,EU_SDG_11_52_PER_100000,,Gipuzkoa,100.000 biztanleko,25.6
2018,EU_SDG_11_52_NR,,Gipuzkoa,NR,228.0
2020,EU_SDG_11_52_NR,,Gipuzkoa,NR,134.0
2019,EU_SDG_11_52_NR,,Gipuzkoa,NR,163.0
2018,EU_SDG_11_52_PER_100000,,Gipuzkoa,100.000 biztanleko,35.5
2021,EU_SDG_11_52_NR,,Gipuzkoa,NR,142.0
2023,EU_SDG_11_52_PER_100000,,Gipuzkoa,100.000 biztanleko,20.2
2022,EU_SDG_11_52_NR,,Gipuzkoa,NR,185.0
2016,EU_SDG_11_52_PER_100000,,Gipuzkoa,100.000 biztanleko,18.7
2021,EU_SDG_11_52_PER_100000,,Gipuzkoa,100.000 biztanleko,22.5
2021,EU_SDG_11_52_NR,Emakumea,,NR,299.0
2021,EU_SDG_11_52_PER_100000,Emakumea,,100.000 biztanleko,14.5
2015,EU_SDG_11_52_PER_100000,Emakumea,,100.000 biztanleko,19.5
2023,EU_SDG_11_52_PER_100000,Emakumea,,100.000 biztanleko,13.6
2016,EU_SDG_11_52_NR,Emakumea,,NR,278.0
2020,EU_SDG_11_52_PER_100000,Emakumea,,100.000 biztanleko,14.7
2016,EU_SDG_11_52_PER_100000,Emakumea,,100.000 biztanleko,13.3
2022,EU_SDG_11_52_NR,Emakumea,,NR,376.0
2017,EU_SDG_11_52_PER_100000,Emakumea,,100.000 biztanleko,14.3
2022,EU_SDG_11_52_PER_100000,Emakumea,,100.000 biztanleko,18.2
2018,EU_SDG_11_52_PER_100000,Emakumea,,100.000 biztanleko,20.2
2018,EU_SDG_11_52_NR,Emakumea,,NR,418.0
2023,EU_SDG_11_52_NR,Emakumea,,NR,285.0
2020,EU_SDG_11_52_NR,Emakumea,,NR,303.0
2019,EU_SDG_11_52_NR,Emakumea,,NR,317.0
2019,EU_SDG_11_52_PER_100000,Emakumea,,100.000 biztanleko,15.3
2017,EU_SDG_11_52_NR,Emakumea,,NR,298.0
2015,EU_SDG_11_52_NR,Emakumea,,NR,411.0
2020,EU_SDG_11_52_PER_100000,Emakumea,Araba / Álava,100.000 biztanleko,12.9
2021,EU_SDG_11_52_PER_100000,Emakumea,Araba / Álava,100.000 biztanleko,11.2
2022,EU_SDG_11_52_PER_100000,Emakumea,Araba / Álava,100.000 biztanleko,15.4
2017,EU_SDG_11_52_PER_100000,Emakumea,Araba / Álava,100.000 biztanleko,11.8
2017,EU_SDG_11_52_NR,Emakumea,Araba / Álava,NR,40.0
2022,EU_SDG_11_52_NR,Emakumea,Araba / Álava,NR,54.0
2015,EU_SDG_11_52_PER_100000,Emakumea,Araba / Álava,100.000 biztanleko,17.0
2023,EU_SDG_11_52_PER_100000,Emakumea,Araba / Álava,100.000 biztanleko,10.1
2016,EU_SDG_11_52_PER_100000,Emakumea,Araba / Álava,100.000 biztanleko,11.6
2015,EU_SDG_11_52_NR,Emakumea,Araba / Álava,NR,57.0
2016,EU_SDG_11_52_NR,Emakumea,Araba / Álava,NR,39.0
2018,EU_SDG_11_52_NR,Emakumea,Araba / Álava,NR,59.0
2019,EU_SDG_11_52_NR,Emakumea,Araba / Álava,NR,45.0
2019,EU_SDG_11_52_PER_100000,Emakumea,Araba / Álava,100.000 biztanleko,13.1
2018,EU_SDG_11_52_PER_100000,Emakumea,Araba / Álava,100.000 biztanleko,17.3
2020,EU_SDG_11_52_NR,Emakumea,Araba / Álava,NR,45.0
2021,EU_SDG_11_52_NR,Emakumea,Araba / Álava,NR,39.0
2023,EU_SDG_11_52_NR,Emakumea,Araba / Álava,NR,36.0
2015,EU_SDG_11_52_NR,Emakumea,Bizkaia,NR,247.0
2018,EU_SDG_11_52_PER_100000,Emakumea,Bizkaia,100.000 biztanleko,22.6
2019,EU_SDG_11_52_PER_100000,Emakumea,Bizkaia,100.000 biztanleko,17.7
2023,EU_SDG_11_52_NR,Emakumea,Bizkaia,NR,183.0
2021,EU_SDG_11_52_NR,Emakumea,Bizkaia,NR,189.0
2017,EU_SDG_11_52_NR,Emakumea,Bizkaia,NR,189.0
2018,EU_SDG_11_52_NR,Emakumea,Bizkaia,NR,244.0
2020,EU_SDG_11_52_NR,Emakumea,Bizkaia,NR,190.0
2022,EU_SDG_11_52_NR,Emakumea,Bizkaia,NR,228.0
2015,EU_SDG_11_52_PER_100000,Emakumea,Bizkaia,100.000 biztanleko,22.4
2016,EU_SDG_11_52_PER_100000,Emakumea,Bizkaia,100.000 biztanleko,16.2
2017,EU_SDG_11_52_PER_100000,Emakumea,Bizkaia,100.000 biztanleko,17.4
2020,EU_SDG_11_52_PER_100000,Emakumea,Bizkaia,100.000 biztanleko,17.7
2021,EU_SDG_11_52_PER_100000,Emakumea,Bizkaia,100.000 biztanleko,17.7
2022,EU_SDG_11_52_PER_100000,Emakumea,Bizkaia,100.000 biztanleko,21.3
2016,EU_SDG_11_52_NR,Emakumea,Bizkaia,NR,177.0
2019,EU_SDG_11_52_NR,Emakumea,Bizkaia,NR,190.0
2023,EU_SDG_11_52_PER_100000,Emakumea,Bizkaia,100.000 biztanleko,16.9
2022,EU_SDG_11_52_PER_100000,Emakumea,Gipuzkoa,100.000 biztanleko,14.4
2017,EU_SDG_11_52_PER_100000,Emakumea,Gipuzkoa,100.000 biztanleko,10.3
2023,EU_SDG_11_52_PER_100000,Emakumea,Gipuzkoa,100.000 biztanleko,9.8
2015,EU_SDG_11_52_NR,Emakumea,Gipuzkoa,NR,106.0
2020,EU_SDG_11_52_PER_100000,Emakumea,Gipuzkoa,100.000 biztanleko,10.4
2016,EU_SDG_11_52_NR,Emakumea,Gipuzkoa,NR,61.0
2018,EU_SDG_11_52_NR,Emakumea,Gipuzkoa,NR,114.0
2018,EU_SDG_11_52_PER_100000,Emakumea,Gipuzkoa,100.000 biztanleko,17.4
2020,EU_SDG_11_52_NR,Emakumea,Gipuzkoa,NR,67.0
2017,EU_SDG_11_52_NR,Emakumea,Gipuzkoa,NR,68.0
2021,EU_SDG_11_52_NR,Emakumea,Gipuzkoa,NR,70.0
2019,EU_SDG_11_52_NR,Emakumea,Gipuzkoa,NR,81.0
2023,EU_SDG_11_52_NR,Emakumea,Gipuzkoa,NR,64.0
2022,EU_SDG_11_52_NR,Emakumea,Gipuzkoa,NR,93.0
2015,EU_SDG_11_52_PER_100000,Emakumea,Gipuzkoa,100.000 biztanleko,15.7
2016,EU_SDG_11_52_PER_100000,Emakumea,Gipuzkoa,100.000 biztanleko,9.2
2019,EU_SDG_11_52_PER_100000,Emakumea,Gipuzkoa,100.000 biztanleko,12.5
2021,EU_SDG_11_52_PER_100000,Emakumea,Gipuzkoa,100.000 biztanleko,10.9
2018,EU_SDG_11_52_PER_100000,Gizona,,100.000 biztanleko,20.9
2017,EU_SDG_11_52_NR,Gizona,,NR,296.0
2023,EU_SDG_11_52_PER_100000,Gizona,,100.000 biztanleko,14.1
2019,EU_SDG_11_52_NR,Gizona,,NR,319.0
2016,EU_SDG_11_52_NR,Gizona,,NR,281.0
2017,EU_SDG_11_52_PER_100000,Gizona,,100.000 biztanleko,14.7
2016,EU_SDG_11_52_PER_100000,Gizona,,100.000 biztanleko,13.9
2022,EU_SDG_11_52_NR,Gizona,,NR,373.0
2015,EU_SDG_11_52_NR,Gizona,,NR,410.0
2020,EU_SDG_11_52_NR,Gizona,,NR,303.0
2015,EU_SDG_11_52_PER_100000,Gizona,,100.000 biztanleko,20.1
2019,EU_SDG_11_52_PER_100000,Gizona,,100.000 biztanleko,16.0
2021,EU_SDG_11_52_NR,Gizona,,NR,308.0
2021,EU_SDG_11_52_PER_100000,Gizona,,100.000 biztanleko,15.5
2023,EU_SDG_11_52_NR,Gizona,,NR,284.0
2018,EU_SDG_11_52_NR,Gizona,,NR,417.0
2022,EU_SDG_11_52_PER_100000,Gizona,,100.000 biztanleko,18.8
2020,EU_SDG_11_52_PER_100000,Gizona,,100.000 biztanleko,15.2
2022,EU_SDG_11_52_PER_100000,Gizona,Araba / Álava,100.000 biztanleko,16.0
2018,EU_SDG_11_52_PER_100000,Gizona,Araba / Álava,100.000 biztanleko,17.9
2015,EU_SDG_11_52_PER_100000,Gizona,Araba / Álava,100.000 biztanleko,17.6
2023,EU_SDG_11_52_PER_100000,Gizona,Araba / Álava,100.000 biztanleko,10.6
2019,EU_SDG_11_52_NR,Gizona,Araba / Álava,NR,45.0
2021,EU_SDG_11_52_PER_100000,Gizona,Araba / Álava,100.000 biztanleko,11.9
2023,EU_SDG_11_52_NR,Gizona,Araba / Álava,NR,36.0
2016,EU_SDG_11_52_PER_100000,Gizona,Araba / Álava,100.000 biztanleko,12.3
2017,EU_SDG_11_52_PER_100000,Gizona,Araba / Álava,100.000 biztanleko,11.9
2019,EU_SDG_11_52_PER_100000,Gizona,Araba / Álava,100.000 biztanleko,13.6
2020,EU_SDG_11_52_PER_100000,Gizona,Araba / Álava,100.000 biztanleko,13.4
2022,EU_SDG_11_52_NR,Gizona,Araba / Álava,NR,54.0
2016,EU_SDG_11_52_NR,Gizona,Araba / Álava,NR,40.0
2020,EU_SDG_11_52_NR,Gizona,Araba / Álava,NR,45.0
2021,EU_SDG_11_52_NR,Gizona,Araba / Álava,NR,40.0
2018,EU_SDG_11_52_NR,Gizona,Araba / Álava,NR,59.0
2017,EU_SDG_11_52_NR,Gizona,Araba / Álava,NR,39.0
2015,EU_SDG_11_52_NR,Gizona,Araba / Álava,NR,57.0
2021,EU_SDG_11_52_PER_100000,Gizona,Bizkaia,100.000 biztanleko,19.0
2018,EU_SDG_11_52_NR,Gizona,Bizkaia,NR,244.0
2017,EU_SDG_11_52_NR,Gizona,Bizkaia,NR,188.0
2017,EU_SDG_11_52_PER_100000,Gizona,Bizkaia,100.000 biztanleko,18.0
2021,EU_SDG_11_52_NR,Gizona,Bizkaia,NR,195.0
2015,EU_SDG_11_52_NR,Gizona,Bizkaia,NR,246.0
2015,EU_SDG_11_52_PER_100000,Gizona,Bizkaia,100.000 biztanleko,23.0
2016,EU_SDG_11_52_PER_100000,Gizona,Bizkaia,100.000 biztanleko,16.9
2020,EU_SDG_11_52_PER_100000,Gizona,Bizkaia,100.000 biztanleko,18.5
2022,EU_SDG_11_52_PER_100000,Gizona,Bizkaia,100.000 biztanleko,22.1
2023,EU_SDG_11_52_PER_100000,Gizona,Bizkaia,100.000 biztanleko,17.6
2019,EU_SDG_11_52_PER_100000,Gizona,Bizkaia,100.000 biztanleko,18.5
2016,EU_SDG_11_52_NR,Gizona,Bizkaia,NR,179.0
2018,EU_SDG_11_52_PER_100000,Gizona,Bizkaia,100.000 biztanleko,23.5
2022,EU_SDG_11_52_NR,Gizona,Bizkaia,NR,227.0
2020,EU_SDG_11_52_NR,Gizona,Bizkaia,NR,191.0
2023,EU_SDG_11_52_NR,Gizona,Bizkaia,NR,183.0
2019,EU_SDG_11_52_NR,Gizona,Bizkaia,NR,191.0
2023,EU_SDG_11_52_PER_100000,Gizona,Gipuzkoa,100.000 biztanleko,10.2
2021,EU_SDG_11_52_PER_100000,Gizona,Gipuzkoa,100.000 biztanleko,11.6
2016,EU_SDG_11_52_PER_100000,Gizona,Gipuzkoa,100.000 biztanleko,9.5
2016,EU_SDG_11_52_NR,Gizona,Gipuzkoa,NR,61.0
2017,EU_SDG_11_52_NR,Gizona,Gipuzkoa,NR,67.0
2019,EU_SDG_11_52_NR,Gizona,Gipuzkoa,NR,82.0
2018,EU_SDG_11_52_NR,Gizona,Gipuzkoa,NR,114.0
2023,EU_SDG_11_52_NR,Gizona,Gipuzkoa,NR,64.0
2020,EU_SDG_11_52_NR,Gizona,Gipuzkoa,NR,67.0
2015,EU_SDG_11_52_NR,Gizona,Gipuzkoa,NR,105.0
2021,EU_SDG_11_52_NR,Gizona,Gipuzkoa,NR,72.0
2020,EU_SDG_11_52_PER_100000,Gizona,Gipuzkoa,100.000 biztanleko,10.8
2015,EU_SDG_11_52_PER_100000,Gizona,Gipuzkoa,100.000 biztanleko,16.1
2017,EU_SDG_11_52_PER_100000,Gizona,Gipuzkoa,100.000 biztanleko,10.5
2018,EU_SDG_11_52_PER_100000,Gizona,Gipuzkoa,100.000 biztanleko,18.1
2022,EU_SDG_11_52_NR,Gizona,Gipuzkoa,NR,92.0
2019,EU_SDG_11_52_PER_100000,Gizona,Gipuzkoa,100.000 biztanleko,13.1
2022,EU_SDG_11_52_PER_100000,Gizona,Gipuzkoa,100.000 biztanleko,14.8
